air_temperature_celsius,auxiliary_equipment,auxiliary_equipment_id,barometer,bottom_salinity,bottom_temp_c,bottom_types,bridge,cloud_coverage_code,created_at,created_by,created_by_id,crow_distance,cruise,cruise_id,distance_towed,distance_towed_obtained_code,duration,end_date,end_depth_m,end_latitude,end_latitude_DD,end_latitude_MMmm,end_longitude,end_longitude_DD,end_longitude_MMmm,experiment_type,experiment_type_id,fill_percent,force_complete,gear_type,gear_type_id,hopper_used,id,is_active,is_opened,light_intensity,light_intensity_id,logging_on,max_depth_m,min_depth_m,nafo_area,operations,port_warp,precipitation,recorder,remarks,sea_state_code,set_number,set_result,set_result_id,ship_direction,ship_speed,ship_speed_obtained_code,shrimp_fishing_unit,shrimp_management,shrimp_management_id,speed,starboard_warp,start_date,start_depth_m,start_latitude,start_latitude_DD,start_latitude_MMmm,start_longitude,start_longitude_DD,start_longitude_MMmm,station_number,stratum,swell_direction,swell_height_code,swell_period_code,temp_logger_number,tide_direction_code,track_distance,trap_number,trawl_cable_length,trawl_opening,trawl_retention_cable,trawling_unit,updated_at,updated_by,updated_by_id,uuid,warp_units_code,wave_height,wave_period_code,weather_code,wind_direction_code,wind_direction_degree,wind_force_code,wind_force_kts
20.6,0 - No auxiliary equipment,1,1002.8,29.57,6.25,,Greg Macdonald,4 - 4 eighths,2023-09-07 14:14:53 UTC,sylvainf,69,0.9677584044557468,2023 Gulf Region Ecosystem Survey (CAR-2023-300),58,,,19.4,2023-09-07 18:19:37 UTC,28.1,45.772666666666666,45,46.3600000000001,-61.583133333333336,-61,34.98799999999998,1 - Stratified random survey set,1,,No,23 - Northeast Fisheries Science Center Ecosystem Survey Trawl (NEST),2,port,413,No,No,,,Yes,28.11,24.79,4TG,"Fishing, CTD",104,,Maxime Gauvin,,,1,1 - NORMAL - No damage to gear,1,308,3.0,4 - LORAN bearings or GPS,,,,2.99,104,2023-09-07 18:00:13 UTC,24.86,45.76251666666667,45,45.75099999999996,-61.565216666666664,-61,33.91299999999998,011,403,,0.0,,,,0.9647831119228287,,,,,,2023-09-07 22:43:00 UTC,bridge,31,f65e8395-f264-354b-aee8-a642b3934260,1 - meters,,,2 - State of sky on the whole unchanged; Characteristic change of the state of sky during the past hour,8 - 293° to 337° (northwest),330.0,3 - 7 to 10 kts (gentle breeze),9.0
19.3,0 - No auxiliary equipment,1,1005.0,29.35,8.95,,Greg Macdonald,8 - 8 eighths,2023-09-07 18:34:11 UTC,sylvainf,69,0.9177047242385403,2023 Gulf Region Ecosystem Survey (CAR-2023-300),58,,,18.23,2023-09-07 23:17:12 UTC,32.66,45.81738333333333,45,49.042999999999786,-61.791783333333335,-61,47.50700000000021,1 - Stratified random survey set,1,,No,23 - Northeast Fisheries Science Center Ecosystem Survey Trawl (NEST),2,port,416,No,No,,,Yes,34.63,32.61,4TG,"Fishing, CTD, Zooplankton Tow",134,,Logan Clark,,,2,1 - NORMAL - No damage to gear,1,163,3.0,1 - Ships log or distance program,,,,3.02,134,2023-09-07 22:58:58 UTC,34.01,45.8321,45,49.92599999999996,-61.79761666666667,-61,47.85700000000021,009,403,,0.2,,,,0.913279112937632,,,,,,2023-09-08 01:24:08 UTC,bridge,31,c897a3f9-43b9-3dba-9ec6-bcc36a94652f,1 - meters,,,3 - Clouds generally forming or developing; Characteristic change of the state of sky during the past hour,8 - 293° to 337° (northwest),296.0,4 - 11 to 16 kts (moderate breeze),14.0
,,,,29.39,8.35,,,,2023-09-07 18:34:26 UTC,sylvainf,69,,2023 Gulf Region Ecosystem Survey (CAR-2023-300),58,,,,,,,,,,,,,,,No,,,,417,No,No,,,Yes,,,4TG,CTD,,,,,,3,,,,,,,,,,,,,,,,,,,010,403,,,,,,,,,,,,2023-09-08 02:01:15 UTC,dan,13,df739909-4122-3c46-ae61-12773008e0d7,,,,,,,,
17.0,0 - No auxiliary equipment,1,1008.0,29.47,7.67,,Glenn D’Entremont,8 - 8 eighths,2023-09-07 20:12:47 UTC,sylvainf,69,1.0327620412409526,2023 Gulf Region Ecosystem Survey (CAR-2023-300),58,,,20.72,2023-09-08 04:03:59 UTC,38.62,45.897866666666665,45,53.872000000000114,-61.84308333333333,-61,50.5850000000001,1 - Stratified random survey set,1,,No,23 - Northeast Fisheries Science Center Ecosystem Survey Trawl (NEST),2,starboard,418,No,No,,,Yes,38.62,37.91,4TG,"Fishing, CTD",143,,Logan Clark,,,4,1 - NORMAL - No damage to gear,1,282,5.0,1 - Ships log or distance program,,,,2.99,143,2023-09-08 03:43:16 UTC,37.98,45.88843333333333,45,53.30599999999977,-61.82245,-61,49.347000000000115,008,403,,0.3,,,,1.0347194182341688,,,,,,2023-09-08 06:45:43 UTC,bridge,31,7d568d45-acfe-3131-971c-eb02e4d4c158,1 - meters,,,2 - State of sky on the whole unchanged; Characteristic change of the state of sky during the past hour,7 - 248° to 292° (west),277.0,5 - 17 to 21 kts (fresh breeze),18.0
17.0,0 - No auxiliary equipment,1,1007.0,30.24,3.06,,Glenn D’Entremont,7 - 7 eighths,2023-09-08 02:14:04 UTC,sylvainf,69,1.0245478183645247,2023 Gulf Region Ecosystem Survey (CAR-2023-300),58,,,20.77,2023-09-08 06:52:07 UTC,50.32,46.01658333333334,46,0.9950000000001941,-61.88896666666667,-61,53.33799999999998,1 - Stratified random survey set,1,,No,9 - Western IIA trawl,1,port,424,No,No,,,Yes,50.75,50.26,4TG,"Fishing, CTD",175,,Logan Clark,,,5,1 - NORMAL - No damage to gear,1,218,3.0,1 - Ships log or distance program,,,,2.96,175,2023-09-08 06:31:21 UTC,50.33,46.01206666666667,46,0.7240000000000388,-61.8653,-61,51.917999999999786,123,433,,0.3,,,,1.0267832835180417,,,,,,2023-09-08 09:15:25 UTC,bridge,31,d00f1385-8de1-3a4e-a5b9-d34b26cb87bf,1 - meters,,,2 - State of sky on the whole unchanged; Characteristic change of the state of sky during the past hour,8 - 293° to 337° (northwest),300.0,4 - 11 to 16 kts (moderate breeze),15.0
17.9,0 - No auxiliary equipment,1,1011.7,30.46,2.12,,Glenn D’Entremont,8 - 8 eighths,2023-09-08 02:14:27 UTC,sylvainf,69,1.0022923511528878,2023 Gulf Region Ecosystem Survey (CAR-2023-300),58,,,20.38,2023-09-08 09:37:02 UTC,48.07,46.14491666666667,46,8.695000000000194,-61.852333333333334,-61,51.1399999999999,1 - Stratified random survey set,1,,No,23 - Northeast Fisheries Science Center Ecosystem Survey Trawl (NEST),2,port,425,No,No,,,Yes,49.7,48.02,4TG,"Fishing, CTD, Zooplankton Tow",173,,Maxime Gauvin,,,6,1 - NORMAL - No damage to gear,1,281,3.0,4 - LORAN bearings or GPS,,,,2.95,170,2023-09-08 09:16:39 UTC,49.58,46.14126666666667,46,8.475999999999962,-61.82885,-61,49.73100000000025,122,433,,0.1,,,,0.999863267794168,,,,,,2023-09-08 12:01:06 UTC,bridge,31,37218277-1ec9-33eb-a9ce-87fe71378759,1 - meters,,,10 - Mist,8 - 293° to 337° (northwest),297.0,4 - 11 to 16 kts (moderate breeze),11.0
18.1,0 - No auxiliary equipment,1,1014.2,30.33,2.77,,Glenn D’Entremont,8 - 8 eighths,2023-09-08 02:14:40 UTC,sylvainf,69,1.0058178842810055,2023 Gulf Region Ecosystem Survey (CAR-2023-300),58,,,20.22,2023-09-08 12:29:33 UTC,51.86,46.1382,46,8.291999999999826,-61.61881666666667,-61,37.12899999999984,1 - Stratified random survey set,1,,No,23 - Northeast Fisheries Science Center Ecosystem Survey Trawl (NEST),2,port,426,No,No,,,Yes,52.01,51.54,4TG,"Fishing, CTD",176,,Maxime Gauvin,,,7,1 - NORMAL - No damage to gear,1,223,3.0,4 - LORAN bearings or GPS,,,,2.98,176,2023-09-08 12:09:20 UTC,51.68,46.15026666666667,46,9.015999999999865,-61.60208333333333,-61,36.125,120,433,,0.2,,,,1.0033518047243777,,,,,,2023-09-08 13:35:15 UTC,bridge,31,ded5bddd-0485-3549-8f11-6ad015554190,1 - meters,,,"47 - Fog or ice fog, sky invisible; has begun or has become thicker during the preceding hour",7 - 248° to 292° (west),257.0,4 - 11 to 16 kts (moderate breeze),14.0
18.4,0 - No auxiliary equipment,1,1014.4,31.32,1.1,,Greg Macdonald,8 - 8 eighths,2023-09-08 02:14:54 UTC,sylvainf,69,0.9985174166527833,2023 Gulf Region Ecosystem Survey (CAR-2023-300),58,,,19.93,2023-09-08 16:12:44 UTC,59.4,46.49025,46,29.415000000000386,-61.538466666666665,-61,32.30799999999969,1 - Stratified random survey set,1,,No,23 - Northeast Fisheries Science Center Ecosystem Survey Trawl (NEST),2,port,427,No,No,,,Yes,59.41,58.78,4TG,"Fishing, CTD",205,,Maxime Gauvin,,,8,1 - NORMAL - No damage to gear,1,333,3.0,4 - LORAN bearings or GPS,,,,3.01,207,2023-09-08 15:52:48 UTC,59.04,46.475366666666666,46,28.522000000000116,-61.52775,-61,31.664999999999903,135,434,,0.2,,,,0.9983743726352438,,,,,,2023-09-08 18:15:00 UTC,bridge,31,3877b001-798b-3da2-87e9-083edce48dee,1 - meters,,,2 - State of sky on the whole unchanged; Characteristic change of the state of sky during the past hour,5 - 158° to 202° (south),188.0,3 - 7 to 10 kts (gentle breeze),8.0
18.9,0 - No auxiliary equipment,1,1014.2,30.81,2.0,,Greg Macdonald,8 - 8 eighths,2023-09-08 02:15:04 UTC,sylvainf,69,0.9460152152266779,2023 Gulf Region Ecosystem Survey (CAR-2023-300),58,,,19.63,2023-09-08 18:40:15 UTC,53.28,46.49451666666667,46,29.671000000000156,-61.216683333333336,-61,13.00099999999996,1 - Stratified random survey set,1,,No,23 - Northeast Fisheries Science Center Ecosystem Survey Trawl (NEST),2,port,428,No,No,,,Yes,54.31,51.22,4TG,"Fishing, CTD",170,,Maxime Gauvin,,,9,1 - NORMAL - No damage to gear,1,034,3.0,4 - LORAN bearings or GPS,,,,2.89,170,2023-09-08 18:20:37 UTC,53.35,46.4815,46,28.889999999999905,-61.229533333333336,-61,13.772000000000116,134,434,,0.2,,,,0.9444041230836512,,,,,,2023-09-08 20:05:34 UTC,bridge,31,e7480b1d-861a-3bca-8c62-e9d9e7f2f682,1 - meters,,,2 - State of sky on the whole unchanged; Characteristic change of the state of sky during the past hour,4 - 113° to 157° (southeast),150.0,1 - 1 to 3 kts (light air),2.0
18.0,0 - No auxiliary equipment,1,1005.0,31.5,0.73,,Greg Macdonald,2 - 2 eighths,2023-09-08 18:24:49 UTC,eliane,27,0.9953897554854553,2023 Gulf Region Ecosystem Survey (CAR-2023-300),58,,,19.67,2023-09-08 21:59:30 UTC,62.62,46.814683333333335,46,48.88100000000025,-61.43065,-61,25.838999999999942,1 - Stratified random survey set,1,,No,23 - Northeast Fisheries Science Center Ecosystem Survey Trawl (NEST),2,port,429,No,No,,,Yes,64.29,61.75,4TG,"Fishing, CTD",208,,Logan Clark,,,10,1 - NORMAL - No damage to gear,1,056,2.8,1 - Ships log or distance program,,,,3.04,208,2023-09-08 21:39:50 UTC,64.04,46.80555,46,48.33299999999969,-61.450833333333335,-61,27.05,131,434,,1.0,,,,0.9947448696208329,,,,,,2023-09-09 00:11:20 UTC,bridge,31,83f89145-8279-37ea-9b01-95f26102d5e6,1 - meters,,,1 - Clouds generally dissolving or becoming less developed; Characteristic change of the state of sky during the past hour,3 - 068° to 112° (east),101.0,2 - 4 to 6 kts (light breeze),6.0
18.0,0 - No auxiliary equipment,1,1006.0,32.1,1.52,,Greg Macdonald,2 - 2 eighths,2023-09-08 18:54:11 UTC,sylvainf,69,0.981158365783611,2023 Gulf Region Ecosystem Survey (CAR-2023-300),58,,,19.73,2023-09-09 01:00:04 UTC,74.21,46.90885,46,54.531000000000255,-61.10435,-61,6.260999999999573,1 - Stratified random survey set,1,,No,23 - Northeast Fisheries Science Center Ecosystem Survey Trawl (NEST),2,port,430,No,No,,,Yes,75.23,71.19,4TG,"Fishing, CTD",223,,Logan Clark,,,11,1 - NORMAL - No damage to gear,1,024,2.5,1 - Ships log or distance program,,,,2.98,223,2023-09-09 00:40:20 UTC,74.31,46.893683333333335,46,53.62100000000016,-61.11318333333333,-61,6.7909999999998645,130,434,,1.0,,,,0.9811384597484358,,,,,,2023-09-09 02:40:51 UTC,bridge,31,35a61fc0-cfb8-30ff-a72e-5139d63c75ee,1 - meters,,,2 - State of sky on the whole unchanged; Characteristic change of the state of sky during the past hour,3 - 068° to 112° (east),95.0,3 - 7 to 10 kts (gentle breeze),8.0
18.0,0 - No auxiliary equipment,1,1005.0,32.49,2.01,,Glenn D’Entremont,4 - 4 eighths,2023-09-08 18:54:37 UTC,sylvainf,69,1.0154510326430966,2023 Gulf Region Ecosystem Survey (CAR-2023-300),58,,,20.43,2023-09-09 03:22:01 UTC,118.33,46.87996666666667,46,52.79800000000008,-60.906616666666665,-60,54.39700000000012,1 - Stratified random survey set,1,,No,23 - Northeast Fisheries Science Center Ecosystem Survey Trawl (NEST),2,port,431,No,No,,,Yes,120.9,117.14,4TG,"Fishing, CTD",287,,Logan Clark,,,12,1 - NORMAL - No damage to gear,1,028,3.0,1 - Ships log or distance program,,,,2.98,287,2023-09-09 03:01:35 UTC,117.6,46.86516666666667,46,51.910000000000096,-60.918533333333336,-60,55.112000000000016,151,437,,1.0,,,,1.0120275112647097,,,,,,2023-09-09 05:28:05 UTC,bridge,31,ddd73e6c-d17c-333f-8691-7c6fdf1c7016,1 - meters,,,3 - Clouds generally forming or developing; Characteristic change of the state of sky during the past hour,3 - 068° to 112° (east),90.0,3 - 7 to 10 kts (gentle breeze),8.0
18.0,0 - No auxiliary equipment,1,1015.0,33.4,3.88,,Glenn D’Entremont,3 - 3 eighths,2023-09-08 18:54:52 UTC,sylvainf,69,1.0228651520774217,2023 Gulf Region Ecosystem Survey (CAR-2023-300),58,,,20.38,2023-09-09 06:08:26 UTC,114.31,47.094366666666666,47,5.6620000000000195,-60.90036666666666,-60,54.02199999999963,1 - Stratified random survey set,1,,No,23 - Northeast Fisheries Science Center Ecosystem Survey Trawl (NEST),2,port,432,No,No,,,Yes,115.73,112.64,4TF,"Fishing, CTD, Zooplankton Tow",280,,Logan Clark,,,13,1 - NORMAL - No damage to gear,1,011,3.0,1 - Ships log or distance program,,,,3.01,280,2023-09-09 05:48:03 UTC,113.64,47.07868333333333,47,4.72099999999967,-60.89066666666667,-60,53.439999999999905,152,437,,2.0,,,,1.0200493923803122,,,,,,2023-09-09 07:30:01 UTC,bridge,31,21c900f6-3bb9-36c5-a91f-22198d36dd3a,1 - meters,,,2 - State of sky on the whole unchanged; Characteristic change of the state of sky during the past hour,5 - 158° to 202° (south),200.0,5 - 17 to 21 kts (fresh breeze),19.0
22.0,2 - Rollers plus Codend only - no liners,3,1015.1,33.86,5.09,,Glenn D’Entremont,6 - 6 eighths,2023-09-08 22:38:13 UTC,sylvainf,69,1.0044558058131845,2023 Gulf Region Ecosystem Survey (CAR-2023-300),58,,,20.45,2023-09-09 10:06:26 UTC,160.22,47.110866666666666,47,6.651999999999923,-60.41081666666667,-60,24.64900000000004,1 - Stratified random survey set,1,,No,23 - Northeast Fisheries Science Center Ecosystem Survey Trawl (NEST),2,port,433,No,No,,,Yes,160.87,158.12,4TF,"Fishing, CTD",396,,Maxime Gauvin,,,14,1 - NORMAL - No damage to gear,1,270,3.0,4 - LORAN bearings or GPS,,,,2.95,393,2023-09-09 09:45:59 UTC,159.33,47.110566666666664,47,6.63399999999965,-60.386266666666664,-60,23.175999999999963,149,437,,1.0,,,,1.0106624887295392,,,,,,2023-09-09 12:58:16 UTC,bridge,31,c4b77f21-6467-3fbb-8ae8-37408442ceb6,1 - meters,,,2 - State of sky on the whole unchanged; Characteristic change of the state of sky during the past hour,5 - 158° to 202° (south),165.0,3 - 7 to 10 kts (gentle breeze),9.0
20.9,2 - Rollers plus Codend only - no liners,3,1015.9,34.78,7.01,,Glenn D’Entremont,8 - 8 eighths,2023-09-08 22:38:28 UTC,sylvainf,69,0.9846376143893159,2023 Gulf Region Ecosystem Survey (CAR-2023-300),58,,,19.97,2023-09-09 12:56:25 UTC,182.76,47.196733333333334,47,11.803999999999844,-60.36651666666667,-60,21.991000000000348,1 - Stratified random survey set,1,,No,23 - Northeast Fisheries Science Center Ecosystem Survey Trawl (NEST),2,port,434,No,No,,,Yes,185.13,182.48,4TF,"Fishing, CTD, Zooplankton Tow",427,,Maxime Gauvin,,,15,1 - NORMAL - No damage to gear,1,190,3.0,4 - LORAN bearings or GPS,,,,2.96,425,2023-09-09 12:36:27 UTC,184.27,47.21285,47,12.771000000000155,-60.3622,-60,21.732000000000212,160,439,,1.0,,,,0.9824401064925606,,,,,,2023-09-09 14:09:27 UTC,bridge,31,a683db5a-23d3-3bf1-a507-6db3cad9398a,1 - meters,,,3 - Clouds generally forming or developing; Characteristic change of the state of sky during the past hour,6 - 203° to 247° (southwest),230.0,5 - 17 to 21 kts (fresh breeze),20.0
20.5,2 - Rollers plus Codend only - no liners,3,1016.1,32.2,1.82,,Greg Macdonald,8 - 8 eighths,2023-09-09 08:58:07 UTC,sylvainf,69,1.0366085798720797,2023 Gulf Region Ecosystem Survey (CAR-2023-300),58,,,20.1,2023-09-09 15:41:19 UTC,112.82,47.34118333333333,47,20.471000000000156,-60.3454,-60,20.72400000000004,1 - Stratified random survey set,1,,No,23 - Northeast Fisheries Science Center Ecosystem Survey Trawl (NEST),2,port,435,No,No,,,Yes,114.05,110.93,4TF,"Fishing, CTD",287,,Maxime Gauvin,,,16,1 - NORMAL - No damage to gear,1,017,3.0,8 - Satelite navigation,,,,3.09,288,2023-09-09 15:21:13 UTC,112.39,47.3247,47,19.482000000000212,-60.35288333333333,-60,21.173000000000076,156,438,,0.7,,,,1.0342617529969227,,,,,,2023-09-09 16:52:30 UTC,bridge,31,bb497a4f-b807-3a1c-b176-f82b10d93a31,1 - meters,,,2 - State of sky on the whole unchanged; Characteristic change of the state of sky during the past hour,6 - 203° to 247° (southwest),230.0,5 - 17 to 21 kts (fresh breeze),20.0
20.0,0 - No auxiliary equipment,1,1015.0,32.06,1.56,,Greg Macdonald,8 - 8 eighths,2023-09-09 11:30:34 UTC,sylvainf,69,0.856868500810886,2023 Gulf Region Ecosystem Survey (CAR-2023-300),58,,,17.2,2023-09-09 17:56:27 UTC,63.62,47.3498,47,20.987999999999982,-60.5862,-60,35.17200000000012,1 - Stratified random survey set,1,,No,23 - Northeast Fisheries Science Center Ecosystem Survey Trawl (NEST),2,port,436,No,No,,,Yes,63.96,62.33,4TF,"Fishing, CTD",213,,Jon Savoie,"Minor damage, hole about 1 foot wide, cod end not affected.",,17,2 - NORMAL - Minor damage to gear - Catch unaffected,2,233,3.0,1 - Ships log or distance program,,,,2.99,213,2023-09-09 17:39:15 UTC,62.74,47.357816666666665,47,21.46899999999975,-60.5688,-60,34.12800000000037,146,436,,2.0,,,,0.8537544230493711,,,,,,2023-09-09 19:20:10 UTC,sylvainf,69,1c6fb6e6-d89d-3957-a10f-94f131fbf97a,1 - meters,,,2 - State of sky on the whole unchanged; Characteristic change of the state of sky during the past hour,6 - 203° to 247° (southwest),223.0,6 - 22 to 27 kts (strong breeze),22.0
19.0,0 - No auxiliary equipment,1,1015.0,32.65,2.11,,Greg Macdonald,2 - 2 eighths,2023-09-09 11:30:44 UTC,sylvainf,69,0.8438098062754423,2023 Gulf Region Ecosystem Survey (CAR-2023-300),58,,,17.03,2023-09-09 21:10:44 UTC,101.94,47.52993333333333,47,31.796000000000156,-60.535466666666665,-60,32.127999999999886,1 - Stratified random survey set,1,,No,23 - Northeast Fisheries Science Center Ecosystem Survey Trawl (NEST),2,port,437,No,No,,,Yes,112.73,102.16,4TF,"Fishing, CTD",57,,Logan Clark,,,18,1 - NORMAL - No damage to gear,1,004,3.0,1 - Ships log or distance program,,,,2.97,57,2023-09-09 20:53:42 UTC,109.27,47.51635,47,30.981000000000254,-60.53021666666667,-60,31.81299999999998,154,438,,1.0,,,,0.8555168929569181,,,,,,2023-09-09 22:20:08 UTC,bridge,31,81a4d94f-a257-3912-879c-6926f70699f8,1 - meters,,,2 - State of sky on the whole unchanged; Characteristic change of the state of sky during the past hour,6 - 203° to 247° (southwest),220.0,5 - 17 to 21 kts (fresh breeze),19.0
19.0,0 - No auxiliary equipment,1,1015.0,34.91,6.79,,Greg Macdonald,3 - 3 eighths,2023-09-09 15:24:34 UTC,sylvainf,69,0.9924821093827862,2023 Gulf Region Ecosystem Survey (CAR-2023-300),58,,,19.98,2023-09-09 23:09:12 UTC,301.13,47.64568333333333,47,38.740999999999865,-60.458783333333336,-60,27.527000000000406,1 - Stratified random survey set,1,,No,23 - Northeast Fisheries Science Center Ecosystem Survey Trawl (NEST),2,port,438,No,No,,,Yes,311.99,300.68,4TF,"Fishing, CTD",695,,Logan Clark,,,19,1 - NORMAL - No damage to gear,1,344,3.0,1 - Ships log or distance program,,,,2.98,695,2023-09-09 22:49:13 UTC,311.99,47.62955,47,37.773000000000074,-60.45356666666667,-60,27.213999999999942,159,439,,1.0,,,,0.986779258701655,,,,,,2023-09-10 00:33:16 UTC,bridge,31,be2ccfbd-0d42-3215-ae5c-ae3df1dc8e19,1 - meters,,,3 - Clouds generally forming or developing; Characteristic change of the state of sky during the past hour,6 - 203° to 247° (southwest),220.0,5 - 17 to 21 kts (fresh breeze),20.0
19.0,0 - No auxiliary equipment,1,1015.0,32.88,2.51,,Greg Macdonald,4 - 4 eighths,2023-09-09 15:24:43 UTC,sylvainf,69,0.07302994679044465,2023 Gulf Region Ecosystem Survey (CAR-2023-300),58,,,1.68,2023-09-10 01:26:05 UTC,121.5,47.65708333333333,47,39.425,-60.557183333333334,-60,33.43100000000025,1 - Stratified random survey set,1,,No,23 - Northeast Fisheries Science Center Ecosystem Survey Trawl (NEST),2,port,439,No,No,,,Yes,121.89,119.5,4TF,"Fishing, CTD",215,,Logan Clark,"Issue with net on bottom time on ANDES, thus start coordinates and tow duration are not correct. Net was on bottom for 19min 30 sec. Coordinates for start of tow are 47 deg 38.63 min N, 060 deg 32.77 min W. Distance towed was 0.93 nm. Valid tow.",,20,1 - NORMAL - No damage to gear,1,326,3.0,1 - Ships log or distance program,,,,2.61,215,2023-09-10 01:24:24 UTC,119.87,47.656,47,39.3600000000001,-60.55636666666667,-60,33.38200000000021,241,438,,1.0,,,,0.0700291504008346,,,,,,2023-09-10 13:25:07 UTC,sylvainf,69,28220390-4458-382a-92cf-6de6a8868943,1 - meters,,,3 - Clouds generally forming or developing; Characteristic change of the state of sky during the past hour,6 - 203° to 247° (southwest),230.0,5 - 17 to 21 kts (fresh breeze),18.0
18.0,0 - No auxiliary equipment,1,1015.0,34.87,7.04,,Glenn D’Entremont,7 - 7 eighths,2023-09-09 22:02:21 UTC,sylvainf,69,0.9964678558537441,2023 Gulf Region Ecosystem Survey (CAR-2023-300),58,,,20.07,2023-09-10 04:03:58 UTC,286.26,47.81698333333333,47,49.01899999999975,-60.611716666666666,-60,36.70299999999988,1 - Stratified random survey set,1,,No,23 - Northeast Fisheries Science Center Ecosystem Survey Trawl (NEST),2,port,440,No,No,,,Yes,287.44,282.94,4TF,"Fishing, CTD",650,,Logan Clark,,,21,1 - NORMAL - No damage to gear,1,319,3.0,1 - Ships log or distance program,,,,2.98,650,2023-09-10 03:43:54 UTC,283.14,47.80453333333333,47,48.27200000000012,-60.595416666666665,-60,35.725,158,439,,1.0,,,,0.9951142057296418,,,,,,2023-09-10 07:05:31 UTC,bridge,31,212a6ee1-8795-3c9f-a00e-17e717547b5c,1 - meters,,,"17 - Thunderstorm, but no precipitation at the time of observation",6 - 203° to 247° (southwest),220.0,4 - 11 to 16 kts (moderate breeze),15.0
18.0,0 - No auxiliary equipment,1,1015.0,,,,Glenn D’Entremont,7 - 7 eighths,2023-09-09 22:02:40 UTC,sylvainf,69,0.9949734135759264,2023 Gulf Region Ecosystem Survey (CAR-2023-300),58,,,20.12,2023-09-10 06:46:48 UTC,80.62,47.8176,47,49.05599999999977,-60.823116666666664,-60,49.38700000000002,1 - Stratified random survey set,1,,No,23 - Northeast Fisheries Science Center Ecosystem Survey Trawl (NEST),2,port,441,No,No,,,Yes,81.96,79.69,4TF,"Fishing, CTD",228,,Logan Clark,,,22,5 - FAILED - Fishing gears,5,175,3.0,1 - Ships log or distance program,,,,2.97,228,2023-09-10 06:26:41 UTC,80.74,47.803333333333335,47,48.2,-60.81061666666667,-60,48.63700000000002,142,436,,1.0,,,,0.9913957088154749,,,,,,2023-09-10 07:44:07 UTC,bridge,31,25d1bb6a-cfa9-37d5-9d22-5caf7641cbd0,1 - meters,,,2 - State of sky on the whole unchanged; Characteristic change of the state of sky during the past hour,5 - 158° to 202° (south),200.0,3 - 7 to 10 kts (gentle breeze),10.0
18.0,0 - No auxiliary equipment,1,1015.0,32.13,1.04,,Glenn D’Entremont,6 - 6 eighths,2023-09-10 07:36:35 UTC,sylvainf,69,0.9938472850900704,2023 Gulf Region Ecosystem Survey (CAR-2023-300),58,,,20.27,2023-09-10 08:23:33 UTC,81.05,47.819183333333335,47,49.15099999999996,-60.82386666666667,-60,49.432000000000215,1 - Stratified random survey set,1,,No,23 - Northeast Fisheries Science Center Ecosystem Survey Trawl (NEST),2,port,445,No,No,,,Yes,82.14,80.13,4TF,"Fishing, CTD",228,,Logan Clark,,,23,1 - NORMAL - No damage to gear,1,312,3.0,1 - Ships log or distance program,,,,2.94,228,2023-09-10 08:03:17 UTC,80.93,47.8051,47,48.30600000000025,-60.810966666666666,-60,48.65799999999969,142,436,,0.5,,,,0.9930664682428604,,,,,,2023-09-10 09:55:13 UTC,bridge,31,7e2955b3-2ec2-3fbc-afb1-8a9f2257203b,1 - meters,,,2 - State of sky on the whole unchanged; Characteristic change of the state of sky during the past hour,8 - 293° to 337° (northwest),320.0,4 - 11 to 16 kts (moderate breeze),12.0
17.3,1 - Rollers plus Codend and 1-p liners,2,1016.5,34.84,7.05,,Glenn D’Entremont,7 - 7 eighths,2023-09-10 07:41:03 UTC,sylvainf,69,1.0058052220395566,2023 Gulf Region Ecosystem Survey (CAR-2023-300),58,,,20.02,2023-09-10 10:34:36 UTC,278.87,47.94103333333334,47,56.46200000000002,-60.840833333333336,-60,50.45,1 - Stratified random survey set,1,,No,23 - Northeast Fisheries Science Center Ecosystem Survey Trawl (NEST),2,port,446,No,No,,,Yes,279.23,276.58,4TF,"Fishing, CTD, Zooplankton Tow",633,,Maxime Gauvin,,,24,1 - NORMAL - No damage to gear,1,306,3.0,8 - Satelite navigation,,,,3.01,633,2023-09-10 10:14:35 UTC,278.2,47.9311,47,55.865999999999865,-60.82073333333334,-60,49.244000000000234,157,439,,0.5,,,,1.003670008211266,,,,,,2023-09-10 12:25:06 UTC,bridge,31,7d7724c2-9313-3de3-a806-6683355e0d8d,1 - meters,,,1 - Clouds generally dissolving or becoming less developed; Characteristic change of the state of sky during the past hour,8 - 293° to 337° (northwest),310.0,3 - 7 to 10 kts (gentle breeze),9.0
17.1,1 - Rollers plus Codend and 1-p liners,2,1017.5,32.7,1.91,,Glenn D’Entremont,8 - 8 eighths,2023-09-10 07:41:12 UTC,sylvainf,69,1.0266262853247048,2023 Gulf Region Ecosystem Survey (CAR-2023-300),58,,,20.43,2023-09-10 13:09:14 UTC,100.72,47.9373,47,56.23799999999998,-60.9426,-60,56.55599999999977,1 - Stratified random survey set,1,,No,23 - Northeast Fisheries Science Center Ecosystem Survey Trawl (NEST),2,port,447,No,No,,,Yes,102.38,100.45,4TF,"Fishing, CTD",253,,Maxime Gauvin,,,25,1 - NORMAL - No damage to gear,1,301,3.0,8 - Satelite navigation,,,,3.02,253,2023-09-10 12:48:48 UTC,101.55,47.92848333333333,47,55.70900000000014,-60.920766666666665,-60,55.24600000000016,153,438,,0.5,,,,1.0242424746823948,,,,,,2023-09-10 14:30:04 UTC,bridge,31,de62e2b5-3f1f-3e81-a927-c0b45ba261ae,1 - meters,,,3 - Clouds generally forming or developing; Characteristic change of the state of sky during the past hour,1 - 338° to 022° (north),345.0,4 - 11 to 16 kts (moderate breeze),14.0
15.8,1 - Rollers plus Codend and 1-p liners,2,1018.7,32.57,1.7,,Greg Macdonald,7 - 7 eighths,2023-09-10 07:41:24 UTC,sylvainf,69,1.0178590283639717,2023 Gulf Region Ecosystem Survey (CAR-2023-300),58,,,19.95,2023-09-10 15:30:18 UTC,101.8,48.0083,48,0.4980000000000776,-61.11926666666667,-61,7.156000000000252,1 - Stratified random survey set,1,,No,23 - Northeast Fisheries Science Center Ecosystem Survey Trawl (NEST),2,port,448,No,No,,,Yes,101.84,99.75,4TF,"Fishing, CTD",259,,Maxime Gauvin,,,26,1 - NORMAL - No damage to gear,1,298,3.0,8 - Satelite navigation,,,,3.06,259,2023-09-10 15:10:21 UTC,100.03,48.00006666666667,48,0.004000000000329843,-61.09715,-61,5.828999999999844,086,426,,0.5,,,,1.0160447970686777,,,,,,2023-09-10 16:45:34 UTC,bridge,31,1a7b0cd8-dade-33ad-92d7-c182556014fb,1 - meters,,,1 - Clouds generally dissolving or becoming less developed; Characteristic change of the state of sky during the past hour,1 - 338° to 022° (north),4.0,4 - 11 to 16 kts (moderate breeze),12.0
16.1,0 - No auxiliary equipment,1,1019.2,34.85,7.03,,Greg Macdonald,4 - 4 eighths,2023-09-10 12:56:46 UTC,sylvainf,69,1.032211814446841,2023 Gulf Region Ecosystem Survey (CAR-2023-300),58,,,20.12,2023-09-10 18:28:04 UTC,284.62,48.09988333333333,48,5.992999999999786,-61.17933333333333,-61,10.760000000000097,1 - Stratified random survey set,1,,No,23 - Northeast Fisheries Science Center Ecosystem Survey Trawl (NEST),2,port,449,No,No,,,Yes,285.94,284.16,4TF,"Fishing, CTD",630,,Maxime Gauvin,,,27,1 - NORMAL - No damage to gear,1,120,3.0,1 - Ships log or distance program,,,,3.08,630,2023-09-10 18:07:57 UTC,284.68,48.10841666666666,48,6.504999999999806,-61.20165,-61,12.09900000000004,082,425,,1.0,,,,1.0267506834661435,,,,,,2023-09-10 19:51:45 UTC,bridge,31,f35e31ae-2676-3206-aaa0-53ccfc0cd107,1 - meters,,,2 - State of sky on the whole unchanged; Characteristic change of the state of sky during the past hour,1 - 338° to 022° (north),348.0,3 - 7 to 10 kts (gentle breeze),10.0
18.0,0 - No auxiliary equipment,1,1020.0,34.65,7.14,,Greg Macdonald,7 - 7 eighths,2023-09-10 12:57:01 UTC,sylvainf,69,1.0270700624124502,2023 Gulf Region Ecosystem Survey (CAR-2023-300),58,,,20.53,2023-09-10 21:07:51 UTC,222.19,48.16053333333333,48,9.632000000000213,-61.45818333333333,-61,27.490999999999865,1 - Stratified random survey set,1,,No,23 - Northeast Fisheries Science Center Ecosystem Survey Trawl (NEST),2,port,450,No,No,,,Yes,223.3,219.73,4TF,"Fishing, CTD",495,,Logan Clark,,,28,1 - NORMAL - No damage to gear,1,319,2.8,1 - Ships log or distance program,,,,3.0,495,2023-09-10 20:47:19 UTC,221.54,48.15363333333333,48,9.217999999999787,-61.43475,-61,26.085000000000097,081,425,,0.5,,,,1.026794545613287,,,,,,2023-09-10 23:32:26 UTC,bridge,31,38b4962a-6b52-37d7-9941-7df533f0d7a8,1 - meters,,,2 - State of sky on the whole unchanged; Characteristic change of the state of sky during the past hour,8 - 293° to 337° (northwest),340.0,3 - 7 to 10 kts (gentle breeze),10.0
17.0,0 - No auxiliary equipment,1,1020.0,31.96,0.76,,Greg Macdonald,7 - 7 eighths,2023-09-10 12:57:36 UTC,sylvainf,69,0.9689318198875305,2023 Gulf Region Ecosystem Survey (CAR-2023-300),58,,,19.45,2023-09-11 00:17:22 UTC,60.05,47.94806666666667,47,56.884000000000135,-61.449866666666665,-61,26.991999999999827,1 - Stratified random survey set,1,,No,23 - Northeast Fisheries Science Center Ecosystem Survey Trawl (NEST),2,port,451,No,No,,,Yes,60.16,59.0,4TF,"Fishing, CTD",203,,Logan Clark,,,29,1 - NORMAL - No damage to gear,1,095,2.0,1 - Ships log or distance program,,,,2.99,203,2023-09-10 23:57:55 UTC,59.34,47.948116666666664,47,56.88700000000002,-61.473933333333335,-61,28.436000000000057,092,427,,0.5,,,,0.9656632532951612,,,,,,2023-09-11 01:54:41 UTC,bridge,31,ccb431e1-737a-33ca-b846-f9cb4f12368f,1 - meters,,,2 - State of sky on the whole unchanged; Characteristic change of the state of sky during the past hour,2 - 023° to 067° (northeast),65.0,2 - 4 to 6 kts (light breeze),5.0
17.0,0 - No auxiliary equipment,1,1020.0,30.73,6.57,,Glenn D’Entremont,7 - 7 eighths,2023-09-10 12:57:59 UTC,sylvainf,69,1.0176570639538218,2023 Gulf Region Ecosystem Survey (CAR-2023-300),58,,,20.57,2023-09-11 03:14:11 UTC,28.81,47.756033333333335,47,45.362000000000016,-61.29055,-61,17.433000000000174,1 - Stratified random survey set,1,,No,23 - Northeast Fisheries Science Center Ecosystem Survey Trawl (NEST),2,port,452,No,No,,,Yes,28.75,27.11,4TF,"Fishing, CTD",106,,Logan Clark,,,30,1 - NORMAL - No damage to gear,1,060,2.8,1 - Ships log or distance program,,,,2.97,106,2023-09-11 02:53:37 UTC,27.11,47.74198333333333,47,44.51899999999975,-61.3046,-61,18.27599999999996,136,435,,0.5,,,,1.017460809071182,,,,,,2023-09-11 06:41:01 UTC,bridge,31,c352311d-00bd-3cef-bef0-083bef03a6ff,1 - meters,,,2 - State of sky on the whole unchanged; Characteristic change of the state of sky during the past hour,8 - 293° to 337° (northwest),320.0,2 - 4 to 6 kts (light breeze),8.0
17.0,0 - No auxiliary equipment,1,1020.0,31.92,1.55,,Glenn D’Entremont,6 - 6 eighths,2023-09-11 07:04:38 UTC,sylvie,15,1.022692841552779,2023 Gulf Region Ecosystem Survey (CAR-2023-300),58,,,20.42,2023-09-11 08:42:46 UTC,51.91,47.58343333333333,47,35.005999999999766,-60.85825,-60,51.494999999999706,1 - Stratified random survey set,1,,No,23 - Northeast Fisheries Science Center Ecosystem Survey Trawl (NEST),2,port,458,No,No,,,Yes,54.05,51.0,4TF,"Fishing, CTD",130,,Logan Clark,,,31,1 - NORMAL - No damage to gear,1,163,3.0,1 - Ships log or distance program,,,,3.0,130,2023-09-11 08:22:21 UTC,51.45,47.59976666666667,47,35.98600000000006,-60.865316666666665,-60,51.91899999999975,144,436,,0.5,,,,1.0194965314158553,,,,,,2023-09-11 11:12:50 UTC,bridge,31,6ff96813-e2e5-3030-a14e-18c11559ad30,1 - meters,,,2 - State of sky on the whole unchanged; Characteristic change of the state of sky during the past hour,3 - 068° to 112° (east),80.0,2 - 4 to 6 kts (light breeze),6.0
16.2,1 - Rollers plus Codend and 1-p liners,2,1018.8,32.16,1.61,,Glenn D’Entremont,8 - 8 eighths,2023-09-11 07:04:49 UTC,sylvie,15,1.0018819886496013,2023 Gulf Region Ecosystem Survey (CAR-2023-300),58,,,20.12,2023-09-11 11:22:27 UTC,63.92,47.36248333333333,47,21.749000000000038,-60.8088,-60,48.527999999999885,1 - Stratified random survey set,1,,No,23 - Northeast Fisheries Science Center Ecosystem Survey Trawl (NEST),2,port,459,No,No,,,Yes,64.43,62.82,4TF,"Fishing, CTD",216,,Maxime Gauvin,,,32,1 - NORMAL - No damage to gear,1,177,3.0,8 - Satelite navigation,,,,2.99,216,2023-09-11 11:02:20 UTC,64.35,47.379133333333336,47,22.74800000000008,-60.80995,-60,48.597000000000115,147,436,,0.5,,,,0.998169983482789,,,,,,2023-09-11 12:47:44 UTC,bridge,31,935eb734-c6cd-305e-8076-7727d2df5668,1 - meters,,,"61 - Rain, not freezing, continuous; slight at time of observation",2 - 023° to 067° (northeast),66.0,4 - 11 to 16 kts (moderate breeze),15.0
16.0,1 - Rollers plus Codend and 1-p liners,2,1018.4,31.95,1.58,,Glenn D’Entremont,8 - 8 eighths,2023-09-11 07:05:05 UTC,sylvie,15,1.0068744575065407,2023 Gulf Region Ecosystem Survey (CAR-2023-300),58,,,20.18,2023-09-11 13:27:31 UTC,50.42,47.43253333333333,47,25.951999999999924,-60.956,-60,57.3600000000001,1 - Stratified random survey set,1,,No,23 - Northeast Fisheries Science Center Ecosystem Survey Trawl (NEST),2,port,460,No,No,,,Yes,51.28,50.53,4TF,"Fishing, CTD",175,,Maxime Gauvin,,,33,1 - NORMAL - No damage to gear,1,032,3.0,8 - Satelite navigation,,,,2.99,174,2023-09-11 13:07:20 UTC,51.24,47.4181,47,25.08600000000006,-60.96856666666667,-60,58.11399999999994,145,436,,0.5,,,,1.0035905884623035,,,,,,2023-09-11 14:52:44 UTC,bridge,31,d3b3447a-ee04-332b-af9c-4f3e34a25be6,1 - meters,,,21 - Rain (not freezing); not falling as shower(s); at the station during the preceding hour but not at the time of observation,3 - 068° to 112° (east),76.0,5 - 17 to 21 kts (fresh breeze),20.0
16.3,1 - Rollers plus Codend and 1-p liners,2,1017.8,31.08,4.23,,Justin Misener,8 - 8 eighths,2023-09-11 09:32:55 UTC,sylvainf,69,0.9250171773660183,2023 Gulf Region Ecosystem Survey (CAR-2023-300),58,,,18.8,2023-09-11 16:09:40 UTC,30.01,47.43151666666667,47,25.890999999999863,-61.282066666666665,-61,16.92400000000004,1 - Stratified random survey set,1,,No,23 - Northeast Fisheries Science Center Ecosystem Survey Trawl (NEST),2,port,461,No,No,,,Yes,30.62,29.95,4TF,"Fishing, CTD, Zooplankton Tow",118,,Maxime Gauvin,,,34,1 - NORMAL - No damage to gear,1,095,3.0,8 - Satelite navigation,,,,2.95,118,2023-09-11 15:50:52 UTC,30.23,47.4321,47,25.925999999999963,-61.3048,-61,18.28799999999998,138,435,,0.5,,,,0.9231174763265773,,,,,,2023-09-11 23:33:41 UTC,bridge,31,02b10100-efdc-36da-a194-d3ce7a6c171a,1 - meters,,,2 - State of sky on the whole unchanged; Characteristic change of the state of sky during the past hour,3 - 068° to 112° (east),85.0,5 - 17 to 21 kts (fresh breeze),17.0
17.4,1 - Rollers plus Codend and 1-p liners,2,1016.6,31.86,1.61,,Greg Macdonald,8 - 8 eighths,2023-09-11 09:44:37 UTC,sylvainf,69,0.9971526328781178,2023 Gulf Region Ecosystem Survey (CAR-2023-300),58,,,19.83,2023-09-11 18:52:31 UTC,49.34,47.22181666666667,47,13.309000000000136,-61.22356666666666,-61,13.413999999999941,1 - Stratified random survey set,1,,No,23 - Northeast Fisheries Science Center Ecosystem Survey Trawl (NEST),2,port,462,No,No,,,Yes,49.73,48.43,4TF,"Fishing, CTD",172,,Maxime Gauvin,,,35,1 - NORMAL - No damage to gear,1,212,3.0,8 - Satelite navigation,,,,3.02,173,2023-09-11 18:32:41 UTC,49.69,47.236583333333336,47,14.195000000000194,-61.21243333333334,-61,12.746000000000155,148,436,,0.5,,,,0.9956736079827467,,,,,,2023-09-11 21:47:20 UTC,bridge,31,b2d5f3a0-1c8f-378b-9c98-ed6230026ae3,1 - meters,,,21 - Rain (not freezing); not falling as shower(s); at the station during the preceding hour but not at the time of observation,3 - 068° to 112° (east),73.0,5 - 17 to 21 kts (fresh breeze),20.0
18.0,0 - No auxiliary equipment,1,1015.0,31.47,1.0,,Greg Macdonald,8 - 8 eighths,2023-09-11 15:26:41 UTC,sylvainf,69,0.974641098298739,2023 Gulf Region Ecosystem Survey (CAR-2023-300),58,,,19.78,2023-09-11 21:27:44 UTC,48.73,47.04566666666667,47,2.740000000000388,-61.31661666666667,-61,18.997000000000117,1 - Stratified random survey set,1,,No,23 - Northeast Fisheries Science Center Ecosystem Survey Trawl (NEST),2,port,463,No,No,,,Yes,48.71,47.47,4TF,"Fishing, CTD",168,,Logan Clark,,,36,1 - NORMAL - No damage to gear,1,037,2.6,1 - Ships log or distance program,,,,2.96,168,2023-09-11 21:07:57 UTC,47.47,47.031933333333335,47,1.915999999999864,-61.32926666666667,-61,19.756000000000252,129,434,,0.5,,,,0.9746692642729154,,,,,,2023-09-11 23:05:54 UTC,bridge,31,851e2ce3-0799-32d3-95ea-7dc2c701d3b6,1 - meters,,,2 - State of sky on the whole unchanged; Characteristic change of the state of sky during the past hour,3 - 068° to 112° (east),80.0,5 - 17 to 21 kts (fresh breeze),18.0
181.0,0 - No auxiliary equipment,1,1016.4,31.39,1.31,,Greg Macdonald,8 - 8 eighths,2023-09-11 15:26:52 UTC,sylvainf,69,0.9642396494170542,2023 Gulf Region Ecosystem Survey (CAR-2023-300),58,,,19.82,2023-09-11 23:48:21 UTC,44.45,47.030433333333335,47,1.8259999999999612,-61.41531666666667,-61,24.91900000000023,1 - Stratified random survey set,1,,No,23 - Northeast Fisheries Science Center Ecosystem Survey Trawl (NEST),2,port,464,No,No,,,Yes,44.63,44.07,4TF,"Fishing, CTD",166,,Jon Savoie,,,37,1 - NORMAL - No damage to gear,1,054,3.0,1 - Ships log or distance program,,,,2.92,166,2023-09-11 23:28:32 UTC,44.23,47.020983333333334,47,1.2590000000001358,-61.434333333333335,-61,26.060000000000098,128,434,,1.0,,,,0.9674022470028847,,,,,,2023-09-12 01:41:35 UTC,bridge,31,cbe08336-5ebe-382f-add7-9b80be2acb66,1 - meters,,,2 - State of sky on the whole unchanged; Characteristic change of the state of sky during the past hour,3 - 068° to 112° (east),70.0,5 - 17 to 21 kts (fresh breeze),19.0
17.0,0 - No auxiliary equipment,1,1016.0,31.06,3.74,,Greg Macdonald,7 - 7 eighths,2023-09-11 15:27:08 UTC,sylvainf,69,0.9781121029389862,2023 Gulf Region Ecosystem Survey (CAR-2023-300),58,,,19.9,2023-09-12 01:41:44 UTC,31.65,47.09663333333334,47,5.798000000000077,-61.518966666666664,-61,31.13799999999998,1 - Stratified random survey set,1,,No,23 - Northeast Fisheries Science Center Ecosystem Survey Trawl (NEST),2,port,465,No,No,,,Yes,32.09,31.32,4TF,"Fishing, CTD",120,,Logan Clark,,,38,1 - NORMAL - No damage to gear,1,146,3.0,1 - Ships log or distance program,,,,2.95,120,2023-09-12 01:21:50 UTC,32.04,47.09435,47,5.661000000000058,-61.542633333333335,-61,32.55800000000018,139,435,,0.5,,,,0.9807925727946425,,,,,,2023-09-12 03:27:14 UTC,bridge,31,72670484-4dcc-3779-b998-2552f0704cc5,1 - meters,,,2 - State of sky on the whole unchanged; Characteristic change of the state of sky during the past hour,3 - 068° to 112° (east),80.0,2 - 4 to 6 kts (light breeze),5.0
16.0,0 - No auxiliary equipment,1,1016.0,30.34,9.05,,Glenn D’Entremont,6 - 6 eighths,2023-09-11 15:27:27 UTC,sylvainf,69,1.0459245367385785,2023 Gulf Region Ecosystem Survey (CAR-2023-300),58,,,21.25,2023-09-12 04:08:27 UTC,25.01,47.22703333333333,47,13.621999999999632,-61.60151666666667,-61,36.09100000000035,1 - Stratified random survey set,1,,No,23 - Northeast Fisheries Science Center Ecosystem Survey Trawl (NEST),2,port,466,No,No,,,Yes,24.95,24.11,4TF,"Fishing, CTD",95,,Logan Clark,,,39,1 - NORMAL - No damage to gear,1,352,3.0,1 - Ships log or distance program,,,,2.95,95,2023-09-12 03:47:12 UTC,24.78,47.21275,47,12.764999999999903,-61.61615,-61,36.968999999999745,140,435,,0.5,,,,1.0454700550352052,,,,,,2023-09-12 06:23:49 UTC,bridge,31,6101f394-710c-3825-a269-487c91cc8df7,1 - meters,,,2 - State of sky on the whole unchanged; Characteristic change of the state of sky during the past hour,3 - 068° to 112° (east),80.0,4 - 11 to 16 kts (moderate breeze),16.0
17.0,0 - No auxiliary equipment,1,1016.0,30.73,4.67,,Glenn D’Entremont,6 - 6 eighths,2023-09-11 15:28:02 UTC,sylvainf,69,0.022418428192598264,2023 Gulf Region Ecosystem Survey (CAR-2023-300),58,,,0.53,2023-09-12 06:37:04 UTC,34.69,47.13693333333333,47,8.215999999999864,-61.837716666666665,-61,50.262999999999984,1 - Stratified random survey set,1,,No,23 - Northeast Fisheries Science Center Ecosystem Survey Trawl (NEST),2,port,467,No,No,,,Yes,34.88,34.77,4TF,"Fishing, CTD",,,Logan Clark,,,40,6 - FAILED - Wrong gear operation,6,030,3.0,1 - Ships log or distance program,,,,2.54,,2023-09-12 06:36:32 UTC,34.81,47.13666666666666,47,8.2,-61.8381,-61,50.28600000000006,141,435,,0.5,,,,0.018017193181388544,,,,,,2023-09-12 07:00:41 UTC,sylvie,15,33345db2-3796-3eb1-84d3-8bd349ceefc4,1 - meters,,,2 - State of sky on the whole unchanged; Characteristic change of the state of sky during the past hour,2 - 023° to 067° (northeast),30.0,5 - 17 to 21 kts (fresh breeze),18.0
17.0,0 - No auxiliary equipment,1,1016.0,,,,Glenn D’Entremont,7 - 7 eighths,2023-09-12 07:01:10 UTC,sylvie,15,1.0147626559487475,2023 Gulf Region Ecosystem Survey (CAR-2023-300),58,,,20.25,2023-09-12 07:58:44 UTC,35.15,47.14905,47,8.943000000000271,-61.82021666666667,-61,49.21299999999998,1 - Stratified random survey set,1,,No,23 - Northeast Fisheries Science Center Ecosystem Survey Trawl (NEST),2,starboard,471,No,No,,,Yes,35.27,34.09,4TF,"Fishing, CTD",135,,Logan Clark,"No CTD data for this set because the CTD was previously done on set #40 which was a null set at the same station (station 141). Thus, CTD data from set #40 should be linked to fishing data from set #41.",,41,1 - NORMAL - No damage to gear,1,030,3.0,1 - Ships log or distance program,,,,3.01,135,2023-09-12 07:38:29 UTC,34.69,47.1369,47,8.213999999999942,-61.83745,-61,50.24699999999963,141,435,,0.5,,,,1.0109544214489963,,,,,,2023-09-12 17:34:25 UTC,sylvainf,69,e9ec206e-216b-3105-ae2d-1f26fa6d431f,1 - meters,,,3 - Clouds generally forming or developing; Characteristic change of the state of sky during the past hour,2 - 023° to 067° (northeast),30.0,6 - 22 to 27 kts (strong breeze),23.0
17.0,1 - Rollers plus Codend and 1-p liners,2,1016.2,31.46,1.19,,Glenn D’Entremont,8 - 8 eighths,2023-09-12 07:02:26 UTC,sylvie,15,0.995773748140206,2023 Gulf Region Ecosystem Survey (CAR-2023-300),58,,,20.07,2023-09-12 11:31:52 UTC,49.09,46.98108333333333,46,58.8649999999999,-61.9345,-61,56.07000000000019,1 - Stratified random survey set,1,,No,23 - Northeast Fisheries Science Center Ecosystem Survey Trawl (NEST),2,starboard,472,No,No,,,Yes,49.88,48.1,4TF,"Fishing, CTD",174,,Maxime Gauvin,,,42,1 - NORMAL - No damage to gear,1,110,3.0,8 - Satelite navigation,,,,2.98,175,2023-09-12 11:11:48 UTC,49.03,46.98681666666667,46,59.20900000000014,-61.957283333333336,-61,57.43700000000002,109,431,,1.0,,,,0.9966972187523921,,,,,,2023-09-12 13:26:07 UTC,bridge,31,bd2b4ea8-70c5-3cd3-8396-e0cd7b1c6e68,1 - meters,,,2 - State of sky on the whole unchanged; Characteristic change of the state of sky during the past hour,2 - 023° to 067° (northeast),40.0,6 - 22 to 27 kts (strong breeze),23.0
17.1,1 - Rollers plus Codend and 1-p liners,2,1016.8,31.45,1.24,,Glenn D’Entremont,8 - 8 eighths,2023-09-12 07:02:59 UTC,sylvie,15,1.0016717075715025,2023 Gulf Region Ecosystem Survey (CAR-2023-300),58,,,20.18,2023-09-12 13:56:31 UTC,51.1,47.0267,47,1.6019999999999224,-62.009933333333336,-62,0.5960000000001552,1 - Stratified random survey set,1,,No,23 - Northeast Fisheries Science Center Ecosystem Survey Trawl (NEST),2,starboard,473,No,No,,,Yes,51.37,49.96,4TF,"Fishing, CTD",173,,Maxime Gauvin,,,43,1 - NORMAL - No damage to gear,1,129,3.0,8 - Satelite navigation,,,,2.98,175,2023-09-12 13:36:20 UTC,50.0,47.0377,47,2.2620000000000196,-62.0283,-62,1.6980000000000777,110,431,,0.7,,,,1.0025365967692526,,,,,,2023-09-12 15:33:53 UTC,bridge,31,32752fc8-cb87-3f33-bf58-f9ee4695b76f,1 - meters,,,2 - State of sky on the whole unchanged; Characteristic change of the state of sky during the past hour,2 - 023° to 067° (northeast),46.0,5 - 17 to 21 kts (fresh breeze),20.0
17.6,1 - Rollers plus Codend and 1-p liners,2,1016.2,,,,Greg Macdonald,8 - 8 eighths,2023-09-12 10:16:17 UTC,sylvainf,69,0.8929929608260001,2023 Gulf Region Ecosystem Survey (CAR-2023-300),58,,,17.52,2023-09-12 16:56:51 UTC,61.01,47.02538333333333,47,1.5229999999995925,-62.366733333333336,-62,22.004000000000328,1 - Stratified random survey set,1,,No,23 - Northeast Fisheries Science Center Ecosystem Survey Trawl (NEST),2,port,474,No,No,,,Yes,62.87,59.5,4TF,"Fishing, CTD",214,,Maxime Gauvin,"Hauled back early because of a bump on the bottom surface

No. 3 belly and cod end tore up",,44,3 - FAILED - Major damage to gear,3,031,3.0,8 - Satelite navigation,,,,3.06,213,2023-09-12 16:39:20 UTC,61.47,47.01218333333333,47,0.7309999999997672,-62.376733333333334,-62,22.603999999999846,111,431,,1.0,,,,0.889971510193643,,,,,,2023-09-12 20:27:21 UTC,bridge,31,2fd86651-ec52-3ae5-9594-8c03a03e99e9,1 - meters,,,1 - Clouds generally dissolving or becoming less developed; Characteristic change of the state of sky during the past hour,2 - 023° to 067° (northeast),64.0,6 - 22 to 27 kts (strong breeze),23.0
18.0,0 - No auxiliary equipment,1,1015.0,,,,Greg Macdonald,8 - 8 eighths,2023-09-12 17:34:57 UTC,sylvainf,69,0.8518521641011356,2023 Gulf Region Ecosystem Survey (CAR-2023-300),58,,,17.18,2023-09-12 21:09:30 UTC,65.04,46.86931666666667,46,52.159000000000134,-62.43363333333333,-62,26.017999999999788,1 - Stratified random survey set,1,,No,23 - Northeast Fisheries Science Center Ecosystem Survey Trawl (NEST),2,port,476,No,No,,,Yes,65.07,62.83,4TF,"Fishing, CTD",215,,Logan Clark,,,45,5 - FAILED - Fishing gears,5,158,3.0,1 - Ships log or distance program,,,,2.98,215,2023-09-12 20:52:19 UTC,63.95,46.8808,46,52.84800000000008,-62.44578333333333,-62,26.74699999999963,301,431,,1.0,,,,0.8527370264600325,,,,,,2023-09-12 21:47:21 UTC,sylvainf,69,03a919ce-0d57-3ffc-9995-7151ea78fcc7,1 - meters,,,3 - Clouds generally forming or developing; Characteristic change of the state of sky during the past hour,2 - 023° to 067° (northeast),40.0,4 - 11 to 16 kts (moderate breeze),16.0
17.0,0 - No auxiliary equipment,1,1015.0,31.43,0.66,,Greg Macdonald,8 - 8 eighths,2023-09-12 21:54:46 UTC,sylvainf,69,0.8340470191757258,2023 Gulf Region Ecosystem Survey (CAR-2023-300),58,,,16.53,2023-09-12 23:30:24 UTC,63.32,46.88398333333333,46,53.038999999999945,-62.61306666666667,-62,36.784000000000134,1 - Stratified random survey set,1,,No,23 - Northeast Fisheries Science Center Ecosystem Survey Trawl (NEST),2,port,480,No,No,,,Yes,64.85,62.39,4TJ,"Fishing, CTD",215,,Jon Savoie,,,46,1 - NORMAL - No damage to gear,1,040,3.0,1 - Ships log or distance program,,,,3.03,215,2023-09-12 23:13:52 UTC,63.42,46.87338333333334,46,52.40300000000037,-62.62616666666667,-62,37.57000000000019,302,431,,0.5,,,,0.8327247028227825,,,,,,2023-09-13 01:33:30 UTC,bridge,31,425a3ab0-3757-304d-a03b-1134713d70c8,1 - meters,,,"11 - Patches; shallow fog or ice fog at the station, whether on land or sea, not deeper than about 2 metres on land or 10 metres at sea",2 - 023° to 067° (northeast),50.0,3 - 7 to 10 kts (gentle breeze),10.0
17.0,0 - No auxiliary equipment,1,1015.0,31.75,0.67,,Greg Macdonald,8 - 8 eighths,2023-09-12 21:59:01 UTC,sylvainf,69,0.8173155129396279,2023 Gulf Region Ecosystem Survey (CAR-2023-300),58,,,17.03,2023-09-13 02:44:53 UTC,63.41,47.07825,47,4.694999999999709,-62.484966666666665,-62,29.098000000000077,1 - Stratified random survey set,1,,No,23 - Northeast Fisheries Science Center Ecosystem Survey Trawl (NEST),2,port,481,No,No,,,Yes,64.8,61.55,4TF,"Fishing, CTD",260,,Logan Clark,Haul back at 16:20 mins due to poor sea floor approach.,,47,1 - NORMAL - No damage to gear,1,280,3.0,1 - Ships log or distance program,,,,2.88,260,2023-09-13 02:27:51 UTC,64.53,47.07168333333333,47,4.300999999999961,-62.467483333333334,-62,28.04900000000004,097,429,,1.0,,,,0.8169019072921625,,,,,,2023-09-13 04:55:17 UTC,bridge,31,5b18a7eb-2d93-3659-b82a-2d595e0ba579,1 - meters,,,3 - Clouds generally forming or developing; Characteristic change of the state of sky during the past hour,2 - 023° to 067° (northeast),50.0,4 - 11 to 16 kts (moderate breeze),15.0
,,,,,,,,,2023-09-12 21:59:09 UTC,sylvainf,69,,2023 Gulf Region Ecosystem Survey (CAR-2023-300),58,,,,,,,,,,,,,,,No,,,,482,No,Yes,,,No,,,4TK,"Fishing, CTD",,,,,,48,,,,,,,,,,,,,,,,,,,098,429,,,,,,,,,,,,2023-09-12 21:59:10 UTC,,,4b9295a7-682f-3e49-9d94-f1a9c1f7a389,,,,,,,,
,,,,,,,,,2023-09-12 21:59:18 UTC,sylvainf,69,,2023 Gulf Region Ecosystem Survey (CAR-2023-300),58,,,,,,,,,,,,,,,No,,,,483,No,Yes,,,No,,,4TJ,"Fishing, CTD",,,,,,49,,,,,,,,,,,,,,,,,,,099,429,,,,,,,,,,,,2023-09-12 21:59:18 UTC,,,388a63fa-1ee0-36af-b971-f49c859412d4,,,,,,,,
,,,,,,,,,2023-09-12 21:59:28 UTC,sylvainf,69,,2023 Gulf Region Ecosystem Survey (CAR-2023-300),58,,,,,,,,,,,,,,,No,,,,484,No,Yes,,,No,,,4TK,"Fishing, CTD",,,,,,50,,,,,,,,,,,,,,,,,,,102,429,,,,,,,,,,,,2023-09-12 21:59:29 UTC,,,91c9dee9-5ca8-3b9a-bec7-0630740930e7,,,,,,,,
,,,,,,,,,2023-09-12 23:52:53 UTC,sylvainf,69,,2023 Gulf Region Ecosystem Survey (CAR-2023-300),58,,,,,,,,,,,,,,,No,,,,485,No,Yes,,,No,,,4TK,"Fishing, CTD",,,,,,51,,,,,,,,,,,,,,,,,,,063,423,,,,,,,,,,,,2023-09-12 23:52:53 UTC,,,d154ffab-e226-3987-8988-3559fa7298fb,,,,,,,,
